"Tarih","Şimdi","Açılış","Yüksek","Düşük","Fark %"
"04.07.2020","63.050","62.651","63.390","62.650","0,64"
"03.07.2020","62.651","62.867","63.150","62.399","-0,34"
"02.07.2020","62.867","63.595","63.849","62.050","-1,14"
"01.07.2020","63.595","63.000","63.890","62.750","0,94"
"30.06.2020","63.000","63.407","63.695","62.661","-0,64"
"29.06.2020","63.407","63.731","63.990","62.500","-0,51"
"28.06.2020","63.731","63.223","64.200","63.015","0,80"
"27.06.2020","63.223","63.855","64.200","62.350","-0,99"
"26.06.2020","63.855","64.216","64.498","63.017","-0,56"
"25.06.2020","64.216","64.881","64.881","63.785","-1,02"
"24.06.2020","64.881","66.008","66.290","64.301","-1,71"
"23.06.2020","66.008","66.399","66.478","66.000","-0,59"
"22.06.2020","66.399","64.721","66.800","64.410","2,59"
"21.06.2020","64.721","64.869","65.143","64.550","-0,23"
"20.06.2020","64.869","64.595","65.146","64.101","0,42"
"19.06.2020","64.595","64.650","64.989","63.650","-0,09"
"18.06.2020","64.650","64.750","65.135","64.135","-0,15"
"17.06.2020","64.750","65.220","65.500","63.890","-0,72"
"16.06.2020","65.220","64.800","65.650","64.308","0,65"
"15.06.2020","64.800","64.450","65.150","61.654","0,54"
"14.06.2020","64.450","65.070","65.182","64.110","-0,95"
"13.06.2020","65.070","65.080","65.210","64.350","-0,02"
"12.06.2020","65.080","64.265","65.950","64.205","1,27"
"11.06.2020","64.265","67.185","67.218","63.557","-4,35"
"10.06.2020","67.185","66.399","67.445","66.020","1,18"
"09.06.2020","66.399","66.040","66.500","65.480","0,54"
"08.06.2020","66.040","66.000","66.177","65.500","0,06"
"07.06.2020","66.000","65.613","66.300","64.501","0,59"
"06.06.2020","65.613","65.585","65.950","64.600","0,04"
"05.06.2020","65.585","65.815","66.199","65.485","-0,35"
"04.06.2020","65.815","64.950","66.399","64.350","1,33"
"03.06.2020","64.950","64.188","65.499","64.002","1,19"
"02.06.2020","64.188","67.290","68.100","62.500","-4,48"
"01.06.2020","67.200","64.498","67.615","64.101","4,19"
"31.05.2020","64.498","65.430","65.544","64.250","-1,42"
"30.05.2020","65.430","64.196","65.950","64.000","1,92"
"29.05.2020","64.196","64.888","65.010","63.697","-1,07"
"28.05.2020","64.888","62.459","64.899","62.190","3,89"
"27.05.2020","62.459","59.960","62.898","59.960","4,17"
"26.05.2020","59.960","61.130","61.890","59.300","-1,91"
"25.05.2020","61.130","60.312","61.850","60.011","1,36"
"24.05.2020","60.312","62.900","63.495","60.312","-4,11"
"23.05.2020","62.900","63.145","63.450","62.501","-0,39"
"22.05.2020","63.145","62.000","63.750","60.999","1,85"
"21.05.2020","62.000","64.999","65.299","60.100","-4,61"
"20.05.2020","64.999","66.400","66.850","64.386","-2,11"
"19.05.2020","66.400","66.700","67.146","65.860","-0,45"
"18.05.2020","66.700","66.444","67.500","65.851","0,39"
"17.05.2020","66.444","65.250","67.500","64.920","1,83"
"16.05.2020","65.250","64.985","66.500","64.050","0,41"
"15.05.2020","64.985","67.720","67.789","63.600","-4,04"
"14.05.2020","67.720","65.007","69.200","64.815","4,17"
"13.05.2020","65.007","62.300","65.650","62.051","4,35"
"12.05.2020","62.300","61.970","63.448","61.610","0,53"
"11.05.2020","61.970","62.652","68.000","59.676","-1,32"
"10.05.2020","62.799","68.350","68.727","58.998","-7,99"
"09.05.2020","68.250","70.256","71.189","67.600","-2,86"
"08.05.2020","70.256","70.725","71.900","69.755","-0,89"
"07.05.2020","70.885","66.600","71.180","65.900","6,51"
"06.05.2020","66.551","63.850","67.954","63.501","4,23"
"05.05.2020","63.850","62.798","63.980","62.620","1,68"
"04.05.2020","62.798","62.928","63.168","60.801","-0,21"
"03.05.2020","62.928","62.800","63.995","62.101","0,21"
"02.05.2020","62.794","62.115","63.180","61.650","1,09"
"01.05.2020","62.115","61.070","64.399","60.750","1,71"
"30.04.2020","61.070","60.885","65.523","58.512","0,66"
"29.04.2020","60.672","54.532","62.865","54.400","11,46"
"28.04.2020","54.435","54.610","54.699","54.190","-0,32"
"27.04.2020","54.610","53.751","54.644","53.670","1,60"
"26.04.2020","53.751","52.499","53.899","52.499","2,38"
"25.04.2020","52.499","52.230","53.050","52.000","0,51"
"24.04.2020","52.230","51.700","53.200","51.519","1,03"
"23.04.2020","51.700","49.649","52.350","49.218","4,21"
"22.04.2020","49.611","48.372","49.960","48.200","2,56"
"21.04.2020","48.372","48.100","48.750","47.901","0,57"
"20.04.2020","48.100","49.350","49.802","47.400","-2,53"
"19.04.2020","49.350","49.785","49.921","48.552","-0,87"
"18.04.2020","49.785","48.745","49.995","48.620","2,13"
"17.04.2020","48.745","48.738","49.269","48.421","0,01"
"16.04.2020","48.738","46.390","49.000","45.320","5,06"
"15.04.2020","46.390","47.198","47.500","46.100","-1,48"
"14.04.2020","47.085","46.700","47.700","46.250","0,82"
"13.04.2020","46.700","46.846","47.498","45.609","-0,31"
"12.04.2020","46.846","46.401","48.897","46.100","0,78"
"11.04.2020","46.485","46.690","46.930","45.800","-0,44"
"10.04.2020","46.690","49.001","49.145","45.400","-4,72"
"09.04.2020","49.001","49.566","49.789","48.280","-1,41"
"08.04.2020","49.700","48.580","50.250","48.250","2,31"
"07.04.2020","48.580","49.688","50.600","47.250","-2,16"
"06.04.2020","49.650","45.600","49.958","45.560","8,88"
"05.04.2020","45.600","45.699","45.800","45.284","-0,22"
"04.04.2020","45.699","45.063","46.165","45.001","1,41"
"03.04.2020","45.063","44.500","46.500","44.000","1,27"
"02.04.2020","44.500","43.229","46.699","43.070","2,94"
"01.04.2020","43.229","42.202","43.650","41.100","2,43"
"31.03.2020","42.202","42.000","42.650","41.850","0,84"
"30.03.2020","41.850","38.506","42.900","38.300","8,68"
"29.03.2020","38.506","40.530","40.740","38.300","-4,90"
"28.03.2020","40.488","41.487","41.599","39.411","-2,41"
"27.03.2020","41.487","43.249","43.591","41.254","-4,07"
"26.03.2020","43.249","43.200","43.618","42.598","0,11"
"25.03.2020","43.200","43.624","44.280","42.502","-0,97"
"24.03.2020","43.624","42.400","44.300","41.700","2,89"
"23.03.2020","42.400","39.300","43.166","38.836","7,89"
"22.03.2020","39.300","41.151","42.251","38.900","-4,50"
"21.03.2020","41.151","41.100","42.948","39.210","0,12"
"20.03.2020","41.100","40.409","45.499","37.003","1,71"
"19.03.2020","40.409","34.645","42.000","34.302","16,37"
"18.03.2020","34.725","34.560","34.960","33.200","0,36"
"17.03.2020","34.600","32.539","35.500","32.190","6,41"
"16.03.2020","32.515","36.078","36.379","30.751","-9,88"
"15.03.2020","36.078","34.790","39.200","34.360","3,70"
"14.03.2020","34.790","36.998","36.998","34.200","-5,97"
"13.03.2020","36.998","33.579","41.012","28.555","10,18"
"12.03.2020","33.579","49.256","49.256","32.750","-31,83"
"11.03.2020","49.256","49.099","49.540","47.359","0,32"
"10.03.2020","49.099","49.250","50.996","48.100","-0,31"
"09.03.2020","49.250","50.250","51.870","47.880","-1,99"
"08.03.2020","50.250","54.489","54.489","50.250","-7,87"
"07.03.2020","54.540","55.590","55.901","54.150","-1,89"
"06.03.2020","55.590","55.388","55.777","54.751","0,36"
"05.03.2020","55.388","53.300","55.586","53.300","3,92"
"04.03.2020","53.300","53.900","54.433","53.008","-1,11"
"03.03.2020","53.900","55.250","55.312","53.387","-2,41"
"02.03.2020","55.233","53.840","55.615","53.400","2,59"
"01.03.2020","53.840","53.717","54.550","53.159","0,09"
"29.02.2020","53.789","54.490","54.889","53.789","-1,29"
"28.02.2020","54.490","55.098","55.785","53.200","-1,10"
"27.02.2020","55.098","54.457","55.988","53.111","1,18"
"26.02.2020","54.457","57.960","58.600","53.190","-6,04"
"25.02.2020","57.960","59.403","59.697","57.488","-2,43"
"24.02.2020","59.403","60.779","61.023","58.650","-2,26"
"23.02.2020","60.779","59.440","61.023","59.440","2,25"
"22.02.2020","59.440","59.450","59.799","58.938","-0,02"
"21.02.2020","59.450","59.211","60.850","59.180","0,30"
"20.02.2020","59.271","58.921","59.934","58.645","0,59"
"19.02.2020","58.921","61.970","62.699","58.728","-4,92"
"18.02.2020","61.970","58.800","62.300","58.800","5,39"
"17.02.2020","58.800","60.875","60.995","57.500","-3,41"
"16.02.2020","60.875","60.700","61.678","59.322","0,29"
"15.02.2020","60.700","62.500","62.700","59.800","-2,88"
"14.02.2020","62.500","62.170","62.799","61.620","0,53"
"13.02.2020","62.170","62.699","63.601","61.600","-0,84"
"12.02.2020","62.699","61.650","62.850","61.350","1,70"
"11.02.2020","61.650","59.371","61.995","58.700","3,84"
"10.02.2020","59.371","60.699","60.780","58.000","-2,12"
"09.02.2020","60.655","59.786","61.246","59.557","1,45"
"08.02.2020","59.786","58.942","59.840","58.370","1,43"
"07.02.2020","58.942","57.970","59.199","57.710","1,68"
"06.02.2020","57.970","57.183","58.467","56.784","1,38"
"05.02.2020","57.183","54.996","57.584","54.825","3,88"
"04.02.2020","55.049","55.607","55.855","54.350","-1,00"
"03.02.2020","55.607","56.000","56.744","55.519","-0,70"
"02.02.2020","56.000","56.150","56.375","55.300","-0,14"
"01.02.2020","56.076","56.280","56.300","55.702","-0,36"
"31.01.2020","56.280","56.750","56.950","55.050","-0,83"
"30.01.2020","56.750","55.426","57.350","54.900","2,39"
"29.01.2020","55.426","54.671","55.899","54.100","1,38"
"28.01.2020","54.671","52.310","54.694","52.211","4,51"
"27.01.2020","52.310","51.000","52.900","50.866","2,57"
"26.01.2020","51.000","49.801","51.200","49.652","2,09"
"25.01.2020","49.956","50.555","50.555","49.600","-1,18"
"24.01.2020","50.555","49.720","50.899","49.100","1,68"
"23.01.2020","49.720","51.492","51.492","49.414","-3,44"
"22.01.2020","51.492","51.770","52.349","51.105","-0,54"
"21.01.2020","51.770","51.290","52.250","50.800","0,94"
"20.01.2020","51.290","51.329","51.740","50.735","-0,06"
"19.01.2020","51.320","52.705","54.000","50.800","-2,63"
"18.01.2020","52.705","52.500","52.867","52.126","0,39"
"17.01.2020","52.500","51.094","52.900","50.858","2,75"
"16.01.2020","51.094","51.800","51.845","50.650","-1,36"
"15.01.2020","51.800","51.112","51.935","49.987","0,92"
"14.01.2020","51.330","47.875","51.550","47.711","7,22"
"13.01.2020","47.875","48.027","48.100","47.372","-0,32"
"12.01.2020","48.027","47.544","48.195","47.287","1,02"
"11.01.2020","47.544","47.857","48.580","47.003","-0,64"
"10.01.2020","47.850","46.167","47.850","45.451","3,65"
"09.01.2020","46.167","47.549","47.549","45.685","-2,21"
"08.01.2020","47.208","48.820","50.400","45.623","-3,30"
"07.01.2020","48.820","46.166","49.200","46.140","5,75"
"06.01.2020","46.166","43.930","46.490","43.855","5,09"
"05.01.2020","43.930","43.813","44.450","43.650","0,27"
"04.01.2020","43.813","43.532","44.050","43.532","0,65"
"03.01.2020","43.532","41.670","44.000","41.146","4,47"
"02.01.2020","41.670","43.000","43.018","41.256","-3,09"
"01.01.2020","43.000","42.851","43.280","42.800","-0,23"
"31.12.2019","43.100","43.325","43.599","42.550","-0,52"
"30.12.2019","43.325","43.650","43.888","42.950","-0,99"
"29.12.2019","43.756","43.230","44.400","43.211","1,22"
"28.12.2019","43.230","43.170","43.690","42.955","0,14"
"27.12.2019","43.170","42.900","43.436","42.406","0,63"
"26.12.2019","42.900","43.070","43.996","42.631","-0,39"
"25.12.2019","43.070","43.378","43.438","42.500","-0,71"
"24.12.2019","43.378","43.697","44.390","42.777","-0,73"
"23.12.2019","43.697","44.250","45.600","43.150","-1,25"
"22.12.2019","44.250","42.566","44.312","42.500","3,51"
"21.12.2019","42.750","42.847","42.897","42.450","-0,23"
"20.12.2019","42.847","42.575","42.994","42.250","0,64"
"19.12.2019","42.575","42.820","43.199","41.722","-0,57"
"18.12.2019","42.820","38.973","43.107","38.299","9,87"
"17.12.2019","38.973","40.596","41.500","38.800","-4,00"
"16.12.2019","40.596","41.552","42.088","40.150","-2,30"
"15.12.2019","41.552","41.400","42.025","41.222","0,37"
"14.12.2019","41.400","42.306","42.495","41.051","-2,14"
"13.12.2019","42.306","41.998","42.686","41.725","0,73"
"12.12.2019","41.998","42.000","42.360","41.320","-0,00"
"11.12.2019","42.000","42.331","42.549","41.700","-0,78"
"10.12.2019","42.331","42.782","43.297","41.942","-1,05"
"09.12.2019","42.782","43.600","44.182","42.400","-1,47"
"08.12.2019","43.421","43.461","43.720","43.000","-0,09"
"07.12.2019","43.461","43.404","43.800","43.166","0,13"
"06.12.2019","43.404","42.630","43.803","42.351","1,82"
"05.12.2019","42.630","42.000","43.150","41.690","1,50"
"04.12.2019","42.000","42.239","43.800","41.000","-0,58"
"03.12.2019","42.244","42.311","42.554","41.810","-0,16"
"02.12.2019","42.311","42.850","43.010","41.649","-1,26"
"01.12.2019","42.850","43.756","43.756","42.200","-2,07"
"30.11.2019","43.756","44.849","45.250","43.260","-2,44"
"29.11.2019","44.849","43.040","45.035","43.040","4,20"
"28.11.2019","43.040","43.360","44.350","42.800","-1,06"
"27.11.2019","43.500","41.550","44.276","39.750","4,69"
"26.11.2019","41.550","41.279","42.400","40.501","0,63"
"25.11.2019","41.291","40.600","42.503","38.002","1,68"
"24.11.2019","40.609","42.220","42.536","40.499","-3,82"
"23.11.2019","42.220","42.300","42.945","41.400","-0,19"
"22.11.2019","42.300","43.858","44.180","39.900","-3,55"
"21.11.2019","43.858","46.540","46.540","43.000","-5,76"
"20.11.2019","46.540","46.535","47.381","46.231","0,01"
"19.11.2019","46.535","47.560","47.638","46.305","-2,15"
"18.11.2019","47.560","49.412","49.438","46.452","-3,75"
"17.11.2019","49.412","49.400","49.739","48.873","0,43"
"16.11.2019","49.200","49.097","49.598","48.876","0,21"
"15.11.2019","49.097","50.050","50.628","48.656","-1,90"
"14.11.2019","50.050","50.595","50.750","49.700","-1,08"
"13.11.2019","50.595","50.850","51.050","50.503","-0,50"
"12.11.2019","50.850","50.767","51.550","49.900","0,17"
"11.11.2019","50.766","52.350","52.698","50.338","-3,03"
"10.11.2019","52.350","51.150","52.799","51.027","2,35"
"09.11.2019","51.150","51.025","51.560","50.825","0,28"
"08.11.2019","51.006","53.375","53.400","50.101","-3,97"
"07.11.2019","53.115","53.580","53.850","52.685","-0,91"
"06.11.2019","53.601","53.427","53.970","53.362","0,33"
"05.11.2019","53.427","53.406","53.700","52.750","0,04"
"04.11.2019","53.406","52.750","53.980","52.450","1,34"
"03.11.2019","52.700","53.110","53.440","52.260","-0,77"
"02.11.2019","53.110","52.850","53.420","52.585","0,32"
"01.11.2019","52.939","52.460","53.150","51.900","0,84"
"31.10.2019","52.500","52.507","53.595","51.550","-0,49"
"30.10.2019","52.758","53.253","53.486","51.516","-1,38"
"29.10.2019","53.495","52.621","53.590","51.849","1,66"
"28.10.2019","52.621","53.600","54.300","52.600","-2,00"
"27.10.2019","53.693","51.632","54.400","51.065","3,78"
"26.10.2019","51.735","48.592","54.800","48.250","6,67"
"25.10.2019","48.502","43.330","48.839","43.267","11,94"
"24.10.2019","43.330","43.300","43.989","42.400","0,07"
"23.10.2019","43.300","47.000","47.396","42.750","-7,97"
"22.10.2019","47.050","48.211","48.550","47.005","-2,41"
"21.10.2019","48.211","47.800","48.771","47.701","0,86"
"20.10.2019","47.800","46.498","48.550","46.287","2,80"
"19.10.2019","46.498","46.566","46.963","46.258","-0,15"
"18.10.2019","46.566","47.161","47.560","45.700","-1,26"
"17.10.2019","47.161","47.250","48.247","47.160","-0,48"
"16.10.2019","47.390","48.501","48.947","47.070","-2,29"
"15.10.2019","48.501","49.687","49.825","48.211","-2,39"
"14.10.2019","49.687","49.750","49.829","49.015","-0,13"
"13.10.2019","49.750","49.516","50.650","48.700","0,47"
"12.10.2019","49.516","49.267","49.979","49.116","0,51"
"11.10.2019","49.267","50.550","52.052","48.750","-2,54"
"10.10.2019","50.550","50.291","51.300","49.815","0,52"
"09.10.2019","50.291","47.850","51.740","47.500","5,19"
"08.10.2019","47.810","48.035","48.400","47.350","-0,47"
"07.10.2019","48.035","45.775","48.597","45.204","4,94"
"06.10.2019","45.775","46.800","46.976","45.550","-2,19"
"05.10.2019","46.800","47.251","47.268","46.500","-0,96"
"04.10.2019","47.251","47.235","47.399","46.400","0,03"
"03.10.2019","47.235","47.920","48.150","46.650","-1,49"
"02.10.2019","47.950","47.869","48.182","47.010","0,17"
"01.10.2019","47.869","46.938","48.699","46.600","2,70"
"30.09.2019","46.613","46.357","47.380","44.321","0,55"
"29.09.2019","46.357","47.000","47.111","45.400","-1,37"
"28.09.2019","47.000","46.888","47.497","46.195","0,24"
"27.09.2019","46.888","45.878","47.000","45.061","2,20"
"26.09.2019","45.880","48.180","48.600","43.505","-4,77"
"25.09.2019","48.180","49.651","50.250","47.502","-2,96"
"24.09.2019","49.651","56.178","56.454","45.300","-11,62"
"23.09.2019","56.178","58.088","58.088","56.050","-3,29"
"22.09.2019","58.088","57.655","58.150","57.043","0,75"
"21.09.2019","57.655","58.510","58.650","57.600","-1,61"
"20.09.2019","58.600","58.899","58.998","58.130","-0,39"
"19.09.2019","58.827","58.378","59.000","56.049","0,77"
"18.09.2019","58.378","58.551","58.643","58.106","-0,30"
"17.09.2019","58.551","58.985","59.198","58.500","-0,74"
"16.09.2019","58.985","59.150","59.599","58.275","-0,28"
"15.09.2019","59.150","59.476","59.480","59.002","-0,55"
"14.09.2019","59.478","59.200","59.640","58.820","0,47"
"13.09.2019","59.200","59.145","59.400","58.330","0,09"
"12.09.2019","59.145","58.759","59.400","58.200","0,66"
"11.09.2019","58.759","58.729","59.150","57.750","0,05"
"10.09.2019","58.729","59.835","60.100","58.100","-1,85"
"09.09.2019","59.835","59.898","60.600","58.150","-0,10"
"08.09.2019","59.898","60.682","60.900","59.525","-1,29"
"07.09.2019","60.682","59.625","60.800","59.600","1,77"
"06.09.2019","59.625","60.308","62.240","59.000","-1,13"
"05.09.2019","60.308","60.256","60.775","59.893","0,09"
"04.09.2019","60.256","60.700","61.000","59.150","-0,73"
"03.09.2019","60.700","59.600","61.599","59.300","1,85"
"02.09.2019","59.600","57.350","60.097","57.051","3,92"
"01.09.2019","57.350","56.810","57.465","56.424","0,95"
"31.08.2019","56.810","56.524","56.987","55.901","0,51"
"30.08.2019","56.524","56.022","57.025","55.560","1,26"
"29.08.2019","55.820","57.319","57.350","55.000","-2,60"
"28.08.2019","57.310","59.400","59.739","56.700","-3,52"
"27.08.2019","59.400","59.890","59.900","58.702","-0,82"
"26.08.2019","59.890","58.999","60.150","58.600","1,51"
"25.08.2019","58.999","58.830","59.637","57.650","0,29"
"24.08.2019","58.830","59.950","60.121","57.556","-1,87"
"23.08.2019","59.950","58.320","60.400","58.151","2,57"
"22.08.2019","58.450","58.399","59.189","56.600","0,09"
"21.08.2019","58.399","61.590","61.620","56.804","-5,18"
"20.08.2019","61.590","61.252","61.697","60.700","0,55"
"19.08.2019","61.252","58.075","61.699","57.805","5,10"
"18.08.2019","58.280","57.512","58.650","56.802","1,34"
"17.08.2019","57.512","58.265","58.699","56.500","-1,29"
"16.08.2019","58.265","58.450","58.900","55.501","-0,32"
"15.08.2019","58.450","57.140","58.950","53.861","2,29"
"14.08.2019","57.140","61.549","61.549","56.399","-7,16"
"13.08.2019","61.549","63.710","63.918","59.900","-3,39"
"12.08.2019","63.710","64.370","64.370","63.304","-1,00"
"11.08.2019","64.355","63.499","64.355","62.250","1,35"
"10.08.2019","63.499","65.120","65.500","62.700","-2,49"
"09.08.2019","65.120","65.302","65.561","64.000","-0,29"
"08.08.2019","65.312","65.599","65.858","63.499","-0,44"
"07.08.2019","65.599","63.300","66.800","62.450","3,63"
"06.08.2019","63.300","64.842","67.800","61.550","-2,38"
"05.08.2019","64.842","60.401","64.999","60.399","7,35"
"04.08.2019","60.401","59.768","60.692","58.000","1,06"
"03.08.2019","59.768","58.449","59.994","58.354","2,26"
"02.08.2019","58.449","58.013","59.485","57.231","0,75"
"01.08.2019","58.013","56.050","59.095","55.015","3,50"
"31.07.2019","56.050","53.680","56.569","53.355","4,42"
"30.07.2019","53.680","53.702","54.246","52.800","-0,04"
"29.07.2019","53.702","54.201","55.000","53.380","-0,92"
"28.07.2019","54.201","54.598","55.200","52.980","-0,73"
"27.07.2019","54.598","56.455","57.999","53.299","-3,29"
"26.07.2019","56.455","57.025","57.249","55.558","-1,00"
"25.07.2019","57.025","56.113","58.500","55.800","1,63"
"24.07.2019","56.113","57.129","57.497","55.396","-1,78"
"23.07.2019","57.129","59.349","59.349","56.599","-3,74"
"22.07.2019","59.349","60.302","60.800","57.850","-1,58"
"21.07.2019","60.302","61.156","61.590","59.060","-1,40"
"20.07.2019","61.156","59.251","62.544","59.104","3,22"
"19.07.2019","59.251","59.999","60.643","58.005","-1,33"
"18.07.2019","60.049","56.495","61.500","53.700","6,29"
"17.07.2019","56.495","55.148","57.950","53.222","2,44"
"16.07.2019","55.150","63.250","64.198","54.602","-12,81"
"15.07.2019","63.250","60.488","64.270","58.200","4,57"
"14.07.2019","60.488","65.745","66.250","59.512","-8,00"
"13.07.2019","65.745","68.263","68.700","63.050","-3,69"
"12.07.2019","68.263","65.555","68.949","64.100","4,13"
"11.07.2019","65.555","69.601","69.980","63.800","-6,21"
"10.07.2019","69.899","72.049","74.851","66.700","-2,98"
"09.07.2019","72.049","70.580","73.797","69.349","2,08"
"08.07.2019","70.580","65.684","70.648","64.990","7,45"
"07.07.2019","65.684","64.195","66.374","63.200","2,32"
"06.07.2019","64.195","62.200","65.997","62.200","3,21"
"05.07.2019","62.200","63.233","65.000","61.114","-1,39"
"04.07.2019","63.077","67.000","67.300","63.001","-5,86"
"03.07.2019","67.000","61.244","67.475","61.244","8,86"
"02.07.2019","61.549","60.200","62.700","55.004","2,24"
"01.07.2019","60.200","62.990","64.138","57.150","-4,06"
"30.06.2019","62.750","69.000","69.879","62.500","-9,09"
"29.06.2019","69.021","71.625","71.899","66.750","-3,64"
"28.06.2019","71.625","65.352","72.790","63.100","10,18"
"27.06.2019","65.005","74.700","75.900","60.000","-12,98"
"26.06.2019","74.700","67.714","79.849","67.300","10,32"
"25.06.2019","67.714","63.479","67.950","63.248","6,67"
"24.06.2019","63.479","62.400","63.999","61.025","1,73"
"23.06.2019","62.400","61.150","63.895","60.161","2,04"
"22.06.2019","61.150","58.558","64.984","56.300","4,43"
"21.06.2019","58.558","54.960","58.558","54.960","6,51"
"20.06.2019","54.979","53.870","55.385","53.331","2,06"
"19.06.2019","53.870","53.150","54.000","52.684","1,35"
"18.06.2019","53.150","54.008","54.476","52.520","-1,59"
"17.06.2019","54.008","52.502","54.491","52.502","2,87"
"16.06.2019","52.502","52.128","54.800","51.800","0,72"
"15.06.2019","52.128","51.499","52.310","51.000","1,22"
"14.06.2019","51.499","48.725","51.500","48.526","5,69"
"13.06.2019","48.725","47.352","49.321","47.225","2,90"
"12.06.2019","47.352","46.498","47.699","46.114","1,84"
"11.06.2019","46.498","46.995","47.200","45.485","-1,06"
"10.06.2019","46.995","45.987","47.287","44.800","2,19"
"09.06.2019","45.987","47.599","47.735","45.466","-3,39"
"08.06.2019","47.599","47.790","48.090","46.700","-0,40"
"07.06.2019","47.790","46.800","48.500","46.698","2,12"
"06.06.2019","46.800","47.100","47.290","45.600","-0,64"
"05.06.2019","47.100","46.098","47.635","45.464","2,17"
"04.06.2019","46.098","49.600","50.476","44.787","-7,06"
"03.06.2019","49.600","51.860","51.860","49.451","-4,36"
"02.06.2019","51.860","51.050","52.239","51.044","1,59"
"01.06.2019","51.050","51.352","51.500","50.617","-0,59"
"31.05.2019","51.352","50.300","51.495","49.250","2,09"
"30.05.2019","50.300","52.470","53.800","48.110","-4,14"
"29.05.2019","52.470","52.561","53.250","51.200","-0,25"
"28.05.2019","52.600","53.329","53.421","52.365","-1,37"
"27.05.2019","53.329","52.298","53.960","52.000","1,97"
"26.05.2019","52.298","49.129","52.499","48.643","6,45"
"25.05.2019","49.129","49.170","49.400","48.515","-0,08"
"24.05.2019","49.170","48.301","49.600","48.007","1,80"
"23.05.2019","48.301","47.448","48.812","46.625","1,80"
"22.05.2019","47.448","48.280","48.900","46.680","-1,72"
"21.05.2019","48.280","48.160","49.100","47.600","0,25"
"20.05.2019","48.160","49.250","49.298","45.510","-2,12"
"19.05.2019","49.205","44.600","49.656","44.401","10,33"
"18.05.2019","44.600","44.800","45.700","44.210","-0,34"
"17.05.2019","44.750","47.700","48.400","40.250","-6,18"
"16.05.2019","47.700","49.160","49.730","47.455","-2,97"
"15.05.2019","49.160","48.145","49.770","47.801","2,11"
"14.05.2019","48.145","47.108","50.980","46.050","2,20"
"13.05.2019","47.108","41.480","48.448","40.950","13,57"
"12.05.2019","41.480","42.277","44.250","38.000","-1,89"
"11.05.2019","42.277","38.425","42.935","38.411","10,02"
"10.05.2019","38.427","38.100","39.195","37.700","0,86"
"09.05.2019","38.100","36.443","38.378","36.435","4,55"
"08.05.2019","36.443","35.828","36.621","35.450","1,72"
"07.05.2019","35.828","34.500","36.195","34.450","3,85"
"06.05.2019","34.500","34.394","34.900","33.655","0,31"
"05.05.2019","34.393","34.305","34.500","33.900","0,26"
"04.05.2019","34.305","33.897","34.500","33.300","1,20"
"03.05.2019","33.897","32.301","34.199","32.299","4,94"
"02.05.2019","32.301","31.588","32.479","31.588","2,26"
"01.05.2019","31.588","31.602","31.993","31.565","-0,04"
"30.04.2019","31.602","30.990","31.720","30.610","1,97"
"29.04.2019","30.990","31.100","31.329","30.500","-0,35"
"28.04.2019","31.100","31.440","31.452","30.908","-1,22"
"27.04.2019","31.484","31.070","31.499","30.594","1,33"
"26.04.2019","31.070","30.658","31.948","30.298","1,34"
"25.04.2019","30.658","32.354","33.000","30.528","-5,38"
"24.04.2019","32.400","32.700","33.445","31.901","-0,92"
"23.04.2019","32.700","31.795","33.300","31.701","2,85"
"22.04.2019","31.795","31.077","31.850","31.000","2,31"
"21.04.2019","31.077","31.183","31.214","30.782","-0,34"
"20.04.2019","31.183","30.924","31.236","30.900","0,84"
"19.04.2019","30.924","30.900","31.000","30.500","0,08"
"18.04.2019","30.900","30.400","30.908","30.251","1,64"
"17.04.2019","30.400","30.198","30.450","30.050","0,67"
"16.04.2019","30.199","29.456","30.200","29.401","2,27"
"15.04.2019","29.529","30.198","30.350","29.153","-2,22"
"14.04.2019","30.198","29.678","30.250","29.540","1,75"
"13.04.2019","29.678","29.688","29.888","29.382","-0,02"
"12.04.2019","29.685","29.335","29.900","28.855","1,19"
"11.04.2019","29.335","30.530","30.533","28.850","-3,91"
"10.04.2019","30.530","29.780","31.216","29.600","2,52"
"09.04.2019","29.780","30.300","30.300","29.550","-1,89"
"08.04.2019","30.355","29.355","30.489","29.200","3,41"
"07.04.2019","29.355","28.540","29.489","28.410","2,86"
"06.04.2019","28.540","28.550","29.598","28.125","-0,03"
"05.04.2019","28.550","27.480","28.699","27.300","3,89"
"04.04.2019","27.480","28.100","28.790","26.900","-1,87"
"03.04.2019","28.003","27.150","29.795","26.555","3,16"
"02.04.2019","27.145","23.070","27.749","22.995","17,66"
"01.04.2019","23.070","23.144","23.600","22.801","-0,32"
"31.03.2019","23.144","23.140","23.253","23.022","0,02"
"30.03.2019","23.140","23.000","23.180","22.810","0,92"
"29.03.2019","22.930","22.351","23.198","22.320","2,59"
"28.03.2019","22.351","21.960","22.499","21.800","1,78"
"27.03.2019","21.960","21.400","22.299","21.207","2,62"
"26.03.2019","21.400","22.100","22.199","21.172","-3,17"
"25.03.2019","22.100","22.790","22.999","21.711","-3,03"
"24.03.2019","22.790","22.870","23.080","22.790","-0,35"
"23.03.2019","22.870","22.880","23.151","22.775","-0,04"
"22.03.2019","22.880","21.855","23.000","21.801","4,47"
"21.03.2019","21.900","21.939","22.249","21.700","-0,18"
"20.03.2019","21.939","21.871","22.075","21.801","0,31"
"19.03.2019","21.871","21.800","21.992","21.700","0,33"
"18.03.2019","21.800","21.742","21.850","21.612","0,27"
"17.03.2019","21.742","21.822","21.890","21.560","-0,37"
"16.03.2019","21.822","21.350","21.999","21.301","2,32"
"15.03.2019","21.327","21.249","21.500","21.172","0,37"
"14.03.2019","21.249","21.275","21.329","21.000","-0,12"
"13.03.2019","21.275","21.150","21.308","21.080","0,59"
"12.03.2019","21.150","20.961","21.450","20.701","0,90"
"11.03.2019","20.961","21.302","21.385","20.847","-1,60"
"10.03.2019","21.302","21.307","21.498","21.200","-0,02"
"09.03.2019","21.307","21.000","21.550","20.970","1,46"
"08.03.2019","21.000","21.080","21.500","20.883","-1,14"
"07.03.2019","21.243","20.850","21.299","20.801","2,12"
"06.03.2019","20.801","20.670","20.980","20.505","0,63"
"05.03.2019","20.670","20.000","20.849","19.500","2,40"
"04.03.2019","20.186","20.575","20.639","19.901","-1,89"
"03.03.2019","20.575","20.700","20.770","20.425","-0,94"
"02.03.2019","20.770","20.675","20.800","20.454","0,46"
"01.03.2019","20.675","20.470","20.947","20.371","1,00"
"28.02.2019","20.470","20.256","20.595","20.150","1,06"
"27.02.2019","20.256","20.257","20.430","19.845","-0,01"
"26.02.2019","20.257","20.406","20.547","20.150","-1,41"
"25.02.2019","20.547","20.150","20.667","20.001","1,97"
"24.02.2019","20.150","21.889","21.999","19.851","-7,94"
"23.02.2019","21.889","21.081","21.965","21.007","3,69"
"22.02.2019","21.110","20.918","21.200","20.800","0,92"
"21.02.2019","20.918","21.038","21.180","20.712","-0,57"
"20.02.2019","21.038","20.777","21.500","20.497","1,26"
"19.02.2019","20.777","20.315","20.999","20.314","2,27"
"18.02.2019","20.315","19.180","20.658","19.150","5,92"
"17.02.2019","19.180","19.154","19.344","19.026","0,14"
"16.02.2019","19.154","19.066","19.200","18.980","0,46"
"15.02.2019","19.066","18.955","19.249","18.955","0,59"
"14.02.2019","18.955","18.889","19.100","18.889","0,35"
"13.02.2019","18.889","18.931","19.084","18.835","-0,22"
"12.02.2019","18.931","19.126","19.199","18.900","-1,02"
"11.02.2019","19.126","18.910","19.488","18.858","0,54"
"10.02.2019","19.023","18.900","19.069","18.805","0,65"
"09.02.2019","18.900","18.920","18.970","18.801","-0,11"
"08.02.2019","18.920","17.760","19.300","17.760","6,44"
"07.02.2019","17.775","17.662","17.955","17.661","0,64"
"06.02.2019","17.662","17.860","17.861","17.601","-1,11"
"05.02.2019","17.860","17.904","17.983","17.830","-0,25"
"04.02.2019","17.904","17.800","18.076","17.800","0,58"
"03.02.2019","17.800","18.121","18.144","17.780","-1,77"
"02.02.2019","18.121","18.033","18.136","17.908","0,49"
"01.02.2019","18.033","17.860","18.128","17.650","0,97"
"31.01.2019","17.860","18.101","18.191","17.659","-1,33"
"30.01.2019","18.101","18.176","18.341","18.068","-0,41"
"29.01.2019","18.176","18.325","18.390","17.887","-0,81"
"28.01.2019","18.325","18.800","18.830","17.999","-2,53"
"27.01.2019","18.800","19.108","19.108","18.590","-1,61"
"26.01.2019","19.108","18.842","19.152","18.842","1,41"
"25.01.2019","18.842","18.955","19.061","18.750","-1,14"
"24.01.2019","19.059","18.795","19.066","18.795","1,40"
"23.01.2019","18.795","19.142","19.250","18.720","-1,81"
"22.01.2019","19.142","18.920","19.292","18.800","1,17"
"21.01.2019","18.920","19.001","19.366","18.800","-0,43"
"20.01.2019","19.001","19.868","19.868","18.870","-4,19"
"19.01.2019","19.832","19.407","20.020","19.407","2,19"
"18.01.2019","19.407","19.632","19.712","19.301","-1,06"
"17.01.2019","19.615","19.500","19.690","19.401","0,92"
"16.01.2019","19.437","19.791","20.000","19.382","-1,79"
"15.01.2019","19.791","20.205","20.268","19.730","-2,05"
"14.01.2019","20.205","19.450","20.339","19.450","3,88"
"13.01.2019","19.450","20.168","20.297","19.348","-3,95"
"12.01.2019","20.250","20.333","20.429","20.077","-0,41"
"11.01.2019","20.333","20.219","20.598","19.982","0,56"
"10.01.2019","20.219","21.983","22.172","20.000","-8,02"
"09.01.2019","21.983","21.850","22.300","21.816","0,61"
"08.01.2019","21.850","21.580","22.400","21.491","1,25"
"07.01.2019","21.580","21.520","21.743","21.399","0,28"
"06.01.2019","21.520","20.575","21.611","20.402","4,59"
"05.01.2019","20.575","20.738","20.842","20.495","-0,79"
"04.01.2019","20.738","20.747","21.000","20.371","-0,04"
"03.01.2019","20.747","20.857","21.150","20.659","-0,53"
"02.01.2019","20.857","20.201","21.411","19.830","3,05"
"01.01.2019","20.239","20.098","20.279","19.623","0,70"
"31.12.2018","20.098","20.422","20.465","19.840","-1,59"
"30.12.2018","20.422","20.050","20.491","19.900","1,86"
"29.12.2018","20.050","20.640","20.797","20.050","-2,84"
"28.12.2018","20.636","19.245","20.850","19.000","7,23"
"27.12.2018","19.245","20.497","20.595","19.045","-6,11"
"26.12.2018","20.497","20.400","20.798","20.290","0,48"
"25.12.2018","20.400","21.700","21.700","20.011","-6,48"
"24.12.2018","21.814","21.150","22.581","21.150","3,14"
"23.12.2018","21.150","21.137","21.538","21.025","0,06"
"22.12.2018","21.137","20.665","21.297","20.506","2,28"
"21.12.2018","20.665","21.496","21.750","20.388","-3,87"
"20.12.2018","21.496","19.700","21.899","19.623","9,12"
"19.12.2018","19.700","19.600","21.033","19.213","0,51"
"18.12.2018","19.600","18.797","19.600","18.487","4,27"
"17.12.2018","18.797","17.470","19.270","17.336","7,60"
"16.12.2018","17.470","17.302","17.670","17.302","0,97"
"15.12.2018","17.302","17.350","17.600","17.088","-0,28"
"14.12.2018","17.350","17.669","17.989","17.165","-1,81"
"13.12.2018","17.669","18.530","18.550","17.567","-4,65"
"12.12.2018","18.530","18.240","18.711","18.077","1,43"
"11.12.2018","18.269","18.250","18.510","18.051","-0,70"
"10.12.2018","18.398","18.710","18.999","18.090","-1,67"
"09.12.2018","18.710","18.169","19.300","18.115","2,98"
"08.12.2018","18.169","18.250","18.698","17.752","-0,44"
"07.12.2018","18.250","19.252","19.400","17.481","-5,20"
"06.12.2018","19.252","20.010","20.848","19.252","-3,79"
"05.12.2018","20.010","20.919","21.186","20.000","-4,34"
"04.12.2018","20.918","20.680","21.800","20.100","1,15"
"03.12.2018","20.680","21.320","21.649","20.300","-3,00"
"02.12.2018","21.320","21.930","22.000","21.303","-2,78"
"01.12.2018","21.930","20.702","22.280","20.600","5,93"
"30.11.2018","20.702","22.150","22.400","20.200","-6,80"
"29.11.2018","22.212","21.966","22.829","21.435","1,12"
"28.11.2018","21.966","19.889","22.790","19.879","9,88"
"27.11.2018","19.990","19.621","20.150","19.333","1,88"
"26.11.2018","19.621","20.950","21.852","19.007","-6,34"
"25.11.2018","20.950","19.881","21.700","18.650","5,38"
"24.11.2018","19.881","22.990","23.190","19.850","-13,52"
"23.11.2018","22.990","23.301","23.796","22.111","-1,44"
"22.11.2018","23.325","24.350","24.590","23.325","-4,21"
"21.11.2018","24.350","23.890","25.602","23.518","1,93"
"20.11.2018","23.890","25.450","27.180","23.360","-6,13"
"19.11.2018","25.450","30.701","30.701","25.100","-17,10"
"18.11.2018","30.701","30.100","30.701","29.800","2,00"
"17.11.2018","30.100","29.611","30.298","29.600","0,72"
"16.11.2018","29.885","30.135","30.641","29.601","-0,83"
"15.11.2018","30.135","30.998","31.266","29.035","-2,48"
"14.11.2018","30.900","34.702","34.940","30.010","-10,96"
"13.11.2018","34.702","34.800","35.200","34.621","-0,28"
"12.11.2018","34.800","34.990","35.300","34.800","-0,54"
"11.11.2018","34.990","35.199","35.279","34.809","-0,59"
"10.11.2018","35.199","34.860","35.199","34.853","0,97"
"09.11.2018","34.860","34.846","35.500","34.820","0,04"
"08.11.2018","34.846","34.859","35.305","34.594","-0,04"
"07.11.2018","34.859","34.530","35.560","34.530","0,95"
"06.11.2018","34.530","34.150","34.844","33.943","1,11"
"05.11.2018","34.150","34.742","35.117","34.150","-2,23"
"04.11.2018","34.930","34.800","35.229","34.541","0,57"
"03.11.2018","34.732","35.040","35.050","34.701","-0,88"
"02.11.2018","35.040","35.012","35.333","34.605","0,08"
"01.11.2018","35.012","34.994","35.350","34.722","0,05"
"31.10.2018","34.994","34.500","35.115","33.191","1,43"
"30.10.2018","34.500","34.752","35.300","34.420","-0,73"
"29.10.2018","34.752","36.200","36.290","34.750","-4,00"
"28.10.2018","36.200","36.200","36.399","36.088","0,00"
"27.10.2018","36.200","36.350","36.422","36.062","-0,40"
"26.10.2018","36.347","36.270","36.700","36.071","0,21"
"25.10.2018","36.270","36.823","37.108","36.251","-1,50"
"24.10.2018","36.823","37.149","37.500","36.799","-0,88"
"23.10.2018","37.149","36.680","37.598","36.510","1,28"
"22.10.2018","36.680","36.732","36.900","36.266","-0,14"
"21.10.2018","36.732","36.840","37.222","36.691","-0,29"
"20.10.2018","36.840","36.500","36.996","36.380","0,93"
"19.10.2018","36.500","36.009","36.780","35.923","1,36"
"18.10.2018","36.009","36.250","36.670","36.009","-0,66"
"17.10.2018","36.250","37.332","37.500","36.200","-2,90"
"16.10.2018","37.332","37.809","38.398","37.141","-1,99"
"15.10.2018","38.090","37.190","40.220","37.006","2,52"
"14.10.2018","37.155","37.398","37.698","37.010","-0,87"
"13.10.2018","37.480","37.320","37.700","37.205","0,43"
"12.10.2018","37.320","37.279","37.899","36.920","0,11"
"11.10.2018","37.279","39.998","39.998","37.151","-6,73"
"10.10.2018","39.970","40.450","40.497","39.716","-1,19"
"09.10.2018","40.450","40.620","40.733","40.391","-0,42"
"08.10.2018","40.620","40.312","40.820","40.294","0,76"
"07.10.2018","40.312","40.427","40.450","40.201","-0,07"
"06.10.2018","40.342","40.450","40.540","40.288","-0,27"
"05.10.2018","40.450","40.231","40.450","40.151","0,54"
"04.10.2018","40.231","39.300","40.444","39.300","2,37"
"03.10.2018","39.300","39.400","39.533","38.885","-0,25"
"02.10.2018","39.400","39.292","39.540","39.287","0,27"
"01.10.2018","39.292","39.995","40.000","39.123","-1,33"
"30.09.2018","39.822","39.800","40.122","39.700","0,06"
"29.09.2018","39.800","40.155","40.190","39.699","-0,88"
"28.09.2018","40.155","40.100","40.521","39.716","0,12"
"27.09.2018","40.108","40.000","40.250","39.214","0,40"
"26.09.2018","39.950","39.860","40.250","39.720","0,23"
"25.09.2018","39.860","40.451","40.451","39.400","-1,46"
"24.09.2018","40.451","41.302","41.570","40.400","-2,06"
"23.09.2018","41.302","41.390","41.600","41.200","-0,20"
"22.09.2018","41.385","41.580","41.798","41.000","-0,47"
"21.09.2018","41.580","40.190","41.977","40.101","3,46"
"20.09.2018","40.190","40.200","40.456","39.793","-0,46"
"19.09.2018","40.374","40.475","40.598","39.215","-0,31"
"18.09.2018","40.500","39.815","40.950","39.810","1,63"
"17.09.2018","39.850","40.500","40.999","39.750","-1,60"
"16.09.2018","40.500","40.714","40.898","40.400","-0,53"
"15.09.2018","40.714","40.451","40.798","40.420","0,65"
"14.09.2018","40.451","40.650","41.095","39.822","-0,49"
"13.09.2018","40.650","40.800","42.860","40.000","-0,37"
"12.09.2018","40.800","41.198","41.600","40.010","-0,97"
"11.09.2018","41.198","41.449","41.790","40.550","-0,61"
"10.09.2018","41.449","41.549","41.998","41.011","-0,24"
"09.09.2018","41.549","40.700","42.350","40.455","2,09"
"08.09.2018","40.700","41.910","42.500","40.250","-2,89"
"07.09.2018","41.910","43.300","43.618","41.700","-3,21"
"06.09.2018","43.300","44.800","44.800","42.200","-3,35"
"05.09.2018","44.800","48.001","48.650","44.500","-6,67"
"04.09.2018","48.000","46.203","48.589","46.090","3,89"
"03.09.2018","46.203","44.708","46.585","44.680","3,34"
"02.09.2018","44.708","44.550","44.910","44.500","0,35"
"01.09.2018","44.550","44.259","44.810","43.380","0,66"
"31.08.2018","44.259","43.501","44.640","43.250","1,74"
"30.08.2018","43.501","43.450","43.800","42.600","0,12"
"29.08.2018","43.450","42.950","44.397","42.000","1,16"
"28.08.2018","42.950","41.245","43.000","41.100","4,25"
"27.08.2018","41.200","39.853","41.250","39.799","3,38"
"26.08.2018","39.853","40.003","40.220","39.700","-0,38"
"25.08.2018","40.003","39.832","40.300","39.801","0,43"
"24.08.2018","39.832","39.600","39.955","39.490","0,59"
"23.08.2018","39.600","39.111","39.600","39.056","1,25"
"22.08.2018","39.111","39.201","40.250","39.000","-0,23"
"21.08.2018","39.201","39.050","39.400","38.800","0,39"
"20.08.2018","39.050","39.000","39.571","38.800","0,13"
"19.08.2018","39.000","38.815","39.400","38.760","0,48"
"18.08.2018","38.815","39.202","39.450","38.500","-0,99"
"17.08.2018","39.202","37.664","40.250","37.619","4,08"
"16.08.2018","37.664","39.000","39.320","37.500","-3,43"
"15.08.2018","39.000","39.864","41.300","39.000","-3,23"
"14.08.2018","40.300","42.400","42.400","39.025","-4,95"
"13.08.2018","42.400","41.374","42.890","40.067","2,76"
"12.08.2018","41.260","38.700","42.510","38.406","6,61"
"11.08.2018","38.700","38.398","39.429","37.720","1,04"
"10.08.2018","38.300","35.905","39.903","35.675","6,67"
"09.08.2018","35.905","33.526","36.500","33.526","7,10"
"08.08.2018","33.526","35.700","35.874","33.200","-6,09"
"07.08.2018","35.700","36.470","37.650","35.500","-2,11"
"06.08.2018","36.469","36.127","36.500","35.900","0,95"
"05.08.2018","36.127","35.805","36.402","35.500","0,67"
"04.08.2018","35.888","37.609","37.790","35.490","-4,58"
"03.08.2018","37.609","37.850","37.990","37.050","-0,64"
"02.08.2018","37.850","37.595","38.500","37.510","0,70"
"01.08.2018","37.588","38.066","38.075","36.890","-1,26"
"31.07.2018","38.066","39.100","39.350","38.001","-2,64"
"30.07.2018","39.100","39.228","39.380","38.300","-0,33"
"29.07.2018","39.228","38.960","39.275","38.960","0,69"
"28.07.2018","38.960","39.065","39.275","37.000","-0,27"
"27.07.2018","39.065","38.300","39.440","37.704","2,00"
"26.07.2018","38.300","39.103","39.650","38.000","-2,10"
"25.07.2018","39.121","40.030","40.498","38.250","-2,68"
"24.07.2018","40.200","36.830","40.490","36.557","9,15"
"23.07.2018","36.830","35.365","36.850","35.182","4,14"
"22.07.2018","35.365","35.264","35.701","35.198","0,29"
"21.07.2018","35.264","35.120","35.499","34.852","0,41"
"20.07.2018","35.120","35.251","35.951","34.950","-0,37"
"19.07.2018","35.251","34.720","35.494","34.395","1,53"
"18.07.2018","34.720","34.215","35.500","33.950","2,00"
"17.07.2018","34.040","32.000","34.589","31.627","6,38"
"16.07.2018","32.000","30.601","32.000","30.400","4,57"
"15.07.2018","30.601","30.422","30.718","30.310","0,59"
"14.07.2018","30.422","30.273","30.422","30.206","0,49"
"13.07.2018","30.273","30.410","30.550","30.145","-0,42"
"12.07.2018","30.400","30.629","30.650","29.840","-0,75"
"11.07.2018","30.629","30.020","30.650","29.882","2,03"
"10.07.2018","30.020","30.652","30.800","30.010","-2,06"
"09.07.2018","30.652","30.431","31.000","30.000","0,73"
"08.07.2018","30.431","30.744","30.789","30.431","-1,02"
"07.07.2018","30.744","30.298","30.750","30.022","1,47"
"06.07.2018","30.298","30.245","34.200","29.935","0,18"
"05.07.2018","30.245","30.650","30.940","29.800","-1,32"
"04.07.2018","30.650","30.180","31.250","29.925","1,56"
"03.07.2018","30.180","30.165","30.650","30.000","0,05"
"02.07.2018","30.165","28.700","30.280","28.510","5,10"
"01.07.2018","28.700","28.990","29.200","28.380","-1,00"
"30.06.2018","28.990","27.910","29.399","27.901","3,87"
"29.06.2018","27.910","27.348","28.375","23.324","2,06"
"28.06.2018","27.348","28.400","28.545","27.256","-3,70"
"27.06.2018","28.400","28.550","28.700","28.000","-0,53"
"26.06.2018","28.550","29.538","29.611","28.500","-3,34"
"25.06.2018","29.538","28.505","29.894","28.202","3,62"
"24.06.2018","28.505","29.780","29.787","28.151","-4,28"
"23.06.2018","29.780","29.249","29.898","29.000","1,82"
"22.06.2018","29.249","31.985","32.009","28.750","-8,45"
"21.06.2018","31.950","31.950","32.220","31.900","0,00"
"20.06.2018","31.950","31.807","32.179","31.505","0,45"
"19.06.2018","31.807","31.500","32.300","31.500","0,97"
"18.06.2018","31.500","30.877","31.800","30.511","2,02"
"17.06.2018","30.877","31.181","31.181","30.706","-0,40"
"16.06.2018","31.000","30.810","31.181","30.700","0,62"
"15.06.2018","30.810","31.489","31.500","30.701","-2,16"
"14.06.2018","31.489","29.790","31.500","29.790","5,70"
"13.06.2018","29.790","30.242","30.890","29.401","-1,49"
"12.06.2018","30.242","31.190","31.680","30.090","-3,04"
"11.06.2018","31.190","30.900","31.400","30.559","0,94"
"10.06.2018","30.900","34.295","34.323","30.499","-9,90"
"09.06.2018","34.295","34.516","34.655","34.295","-0,64"
"08.06.2018","34.516","34.895","34.945","34.324","-1,09"
"07.06.2018","34.895","35.014","35.390","34.602","-0,34"
"06.06.2018","35.014","35.150","35.400","34.591","-0,39"
"05.06.2018","35.150","34.800","35.343","34.300","1,01"
"04.06.2018","34.800","35.425","35.425","34.286","-1,76"
"03.06.2018","35.425","35.348","35.885","35.278","0,22"
"02.06.2018","35.348","34.708","35.395","34.500","1,84"
"01.06.2018","34.708","34.050","34.810","33.901","1,93"
"31.05.2018","34.050","33.459","34.450","33.310","1,76"
"30.05.2018","33.460","34.500","34.700","33.206","-3,01"
"29.05.2018","34.500","33.002","34.785","32.800","4,54"
"28.05.2018","33.002","34.800","35.150","32.916","-5,17"
"27.05.2018","34.800","35.430","35.430","34.700","-1,78"
"26.05.2018","35.430","35.700","36.200","35.400","-0,76"
"25.05.2018","35.700","36.048","36.454","35.349","-0,97"
"24.05.2018","36.048","35.480","37.000","34.629","1,60"
"23.05.2018","35.480","37.800","38.250","35.110","-6,14"
"22.05.2018","37.800","38.098","38.098","37.515","-0,77"
"21.05.2018","38.092","37.750","38.259","37.522","0,91"
"20.05.2018","37.750","37.100","37.911","37.055","1,75"
"19.05.2018","37.100","37.226","37.550","36.800","0,02"
"18.05.2018","37.092","36.470","37.370","36.001","1,71"
"17.05.2018","36.470","37.200","37.494","36.351","-1,91"
"16.05.2018","37.180","37.925","37.950","37.000","-1,96"
"15.05.2018","37.925","37.729","38.540","37.602","0,52"
"14.05.2018","37.729","38.289","38.299","36.025","-1,46"
"13.05.2018","38.289","37.170","38.350","37.000","3,01"
"12.05.2018","37.170","36.850","38.147","36.501","1,03"
"11.05.2018","36.790","38.900","39.000","36.732","-5,42"
"10.05.2018","38.900","39.750","40.089","38.800","-2,14"
"09.05.2018","39.750","39.746","39.981","39.200","0,02"
"08.05.2018","39.743","39.633","40.257","39.159","0,87"
"07.05.2018","39.401","39.740","39.905","38.598","-0,85"
"06.05.2018","39.740","40.820","41.100","38.950","-2,65"
"05.05.2018","40.820","39.850","41.450","39.850","2,43"
"04.05.2018","39.850","38.911","39.998","38.510","2,23"
"03.05.2018","38.980","37.410","39.000","37.300","4,20"
"02.05.2018","37.410","36.932","37.600","36.720","1,29"
"01.05.2018","36.932","37.245","37.245","36.600","-0,84"
"30.04.2018","37.245","37.511","37.580","36.660","-0,71"
"29.04.2018","37.511","37.339","37.690","37.173","0,46"
"28.04.2018","37.339","36.550","37.491","36.450","2,16"
"27.04.2018","36.550","37.249","37.800","36.300","-1,88"
"26.04.2018","37.249","36.309","37.250","35.530","2,59"
"25.04.2018","36.309","38.620","39.000","35.600","-5,98"
"24.04.2018","38.620","35.202","38.700","35.202","9,71"
"23.04.2018","35.202","35.199","35.495","34.999","0,01"
"22.04.2018","35.199","35.220","35.505","34.750","-0,06"
"21.04.2018","35.220","34.980","36.020","34.150","0,69"
"20.04.2018","34.980","32.904","35.080","32.904","6,31"
"19.04.2018","32.904","32.617","33.150","32.617","0,88"
"18.04.2018","32.617","32.252","32.947","32.200","1,13"
"17.04.2018","32.252","32.600","33.000","32.100","-1,07"
"16.04.2018","32.600","33.301","33.400","32.025","-2,11"
"15.04.2018","33.301","32.356","33.400","32.356","2,92"
"14.04.2018","32.356","31.875","33.050","31.700","1,51"
"13.04.2018","31.875","31.299","33.348","30.811","1,84"
"12.04.2018","31.299","28.470","31.299","28.000","9,94"
"11.04.2018","28.470","28.000","28.800","27.818","1,68"
"10.04.2018","28.000","27.576","29.600","27.392","1,54"
"09.04.2018","27.576","28.057","29.400","27.200","-1,71"
"08.04.2018","28.057","27.800","28.388","27.780","0,92"
"07.04.2018","27.800","27.069","28.410","27.060","2,70"
"06.04.2018","27.069","27.505","28.000","26.660","-1,59"
"05.04.2018","27.505","27.600","27.999","27.000","-0,34"
"04.04.2018","27.600","29.950","30.030","27.415","-7,85"
"03.04.2018","29.950","28.100","30.497","27.850","6,58"
"02.04.2018","28.100","27.340","28.499","27.102","2,78"
"01.04.2018","27.340","27.902","28.300","26.700","-2,01"
"31.03.2018","27.902","27.744","28.500","27.744","0,57"
"30.03.2018","27.744","28.601","29.760","27.000","-3,00"
"29.03.2018","28.601","32.001","32.251","28.001","-10,62"
"28.03.2018","32.001","31.700","32.500","31.455","0,95"
"27.03.2018","31.700","32.760","32.995","31.400","-3,24"
"26.03.2018","32.760","34.330","34.349","31.600","-4,57"
"25.03.2018","34.330","34.400","34.650","34.000","-0,20"
"24.03.2018","34.400","35.000","35.245","34.300","-1,72"
"23.03.2018","35.000","34.500","35.000","33.500","1,45"
"22.03.2018","34.500","34.770","35.410","33.756","-0,78"
"21.03.2018","34.770","35.487","36.190","34.500","-2,02"
"20.03.2018","35.487","33.800","35.801","33.296","4,99"
"19.03.2018","33.800","32.500","34.001","32.152","4,00"
"18.03.2018","32.500","31.184","32.898","29.359","4,22"
"17.03.2018","31.184","32.800","33.197","30.779","-4,93"
"16.03.2018","32.800","32.600","33.680","31.699","0,61"
"15.03.2018","32.600","32.149","33.450","30.000","1,40"
"14.03.2018","32.149","35.605","36.550","31.300","-9,71"
"13.03.2018","35.605","35.350","36.769","35.020","0,72"
"12.03.2018","35.350","36.302","37.800","34.660","-2,62"
"11.03.2018","36.302","34.300","36.820","33.500","5,84"
"10.03.2018","34.300","35.300","37.240","34.000","-2,83"
"09.03.2018","35.300","36.650","36.650","31.400","-3,68"
"08.03.2018","36.650","38.250","39.309","36.000","-4,18"
"07.03.2018","38.250","40.850","41.500","36.700","-6,36"
"06.03.2018","40.850","42.800","42.800","40.300","-4,56"
"05.03.2018","42.800","42.300","42.993","42.100","1,18"
"04.03.2018","42.300","42.202","42.398","41.000","0,23"
"03.03.2018","42.202","41.250","42.600","41.200","2,31"
"02.03.2018","41.250","40.750","41.499","39.990","1,23"
"01.03.2018","40.750","39.499","40.950","39.350","3,17"
"28.02.2018","39.499","39.670","41.500","39.210","-0,43"
"27.02.2018","39.670","38.650","40.399","38.415","2,64"
"26.02.2018","38.650","36.900","39.000","35.800","4,74"
"25.02.2018","36.900","37.500","38.149","36.199","-1,60"
"24.02.2018","37.500","39.200","39.903","36.500","-4,34"
"23.02.2018","39.200","38.080","40.310","37.500","2,94"
"22.02.2018","38.080","39.940","42.100","37.550","-4,66"
"21.02.2018","39.940","42.761","43.190","39.000","-6,60"
"20.02.2018","42.761","41.110","44.100","41.100","4,02"
"19.02.2018","41.110","39.600","41.502","39.399","3,81"
"18.02.2018","39.600","41.140","41.905","38.256","-3,74"
"17.02.2018","41.140","38.000","41.750","37.700","8,26"
"16.02.2018","38.000","37.800","38.180","37.003","0,53"
"15.02.2018","37.800","35.650","38.500","35.100","6,03"
"14.02.2018","35.650","32.499","35.780","32.418","9,70"
"13.02.2018","32.499","32.900","33.000","32.157","-1,22"
"12.02.2018","32.900","31.050","33.121","31.050","5,96"
"11.02.2018","31.050","32.549","32.650","30.062","-4,61"
"10.02.2018","32.549","32.499","34.533","31.700","0,15"
"09.02.2018","32.499","31.690","32.620","30.400","2,55"
"08.02.2018","31.690","29.200","32.499","29.160","7,97"
"07.02.2018","29.350","29.200","33.600","27.205","0,51"
"06.02.2018","29.200","26.784","29.800","22.755","9,02"
"05.02.2018","26.784","31.999","32.500","23.000","-16,30"
"04.02.2018","31.999","35.002","35.229","31.100","-8,58"
"03.02.2018","35.002","33.770","36.000","32.003","3,65"
"02.02.2018","33.770","33.799","36.500","29.500","-0,09"
"01.02.2018","33.799","38.369","39.000","30.550","-11,91"
"31.01.2018","38.369","39.100","39.490","37.512","-1,87"
"30.01.2018","39.100","42.400","42.501","38.500","-7,78"
"29.01.2018","42.400","43.199","43.199","41.100","-1,85"
"28.01.2018","43.199","42.349","43.250","42.230","2,01"
"27.01.2018","42.349","41.501","42.699","41.340","2,04"
"26.01.2018","41.501","42.300","43.300","40.200","-1,89"
"25.01.2018","42.300","42.430","43.333","41.750","-0,31"
"24.01.2018","42.430","41.650","42.792","40.900","1,87"
"23.01.2018","41.650","41.995","43.350","40.000","-0,82"
"22.01.2018","41.995","44.800","47.000","40.000","-6,26"
"21.01.2018","44.800","49.281","49.600","43.500","-9,09"
"20.01.2018","49.281","45.399","49.800","45.132","8,55"
"19.01.2018","45.399","44.535","46.700","44.001","1,94"
"18.01.2018","44.536","42.600","47.500","42.000","4,54"
"17.01.2018","42.600","42.750","46.500","37.500","-0,35"
"16.01.2018","42.750","53.548","53.548","38.001","-20,17"
"15.01.2018","53.548","52.499","55.200","52.050","2,00"
"14.01.2018","52.499","54.463","54.650","51.352","-3,61"
"13.01.2018","54.463","54.000","55.199","54.000","0,86"
"12.01.2018","54.000","53.763","55.100","53.138","0,44"
"11.01.2018","53.763","56.950","57.000","53.501","-5,60"
"10.01.2018","56.950","56.200","57.382","53.600","1,33"
"09.01.2018","56.200","57.750","58.998","56.000","-2,68"
"08.01.2018","57.750","61.600","62.000","55.550","-6,25"
"07.01.2018","61.600","63.949","63.985","60.000","-3,67"
"06.01.2018","63.949","64.001","64.400","62.000","-0,08"
"05.01.2018","64.001","57.450","64.500","57.100","11,40"
"04.01.2018","57.450","57.998","58.800","56.500","-0,78"
"03.01.2018","57.900","55.898","59.750","55.898","3,58"
"02.01.2018","55.898","53.110","58.200","52.394","5,25"
"01.01.2018","53.110","54.200","55.101","51.900","-2,01"
"31.12.2017","54.200","49.800","56.157","49.500","8,84"
"30.12.2017","49.800","57.443","57.799","48.500","-13,31"
"29.12.2017","57.443","55.689","59.999","55.098","3,15"
"28.12.2017","55.689","61.700","61.997","54.498","-9,74"
"27.12.2017","61.700","63.511","69.000","60.500","-2,85"
"26.12.2017","63.511","61.100","64.500","60.655","3,95"
"25.12.2017","61.100","62.008","63.500","60.300","-1,59"
"24.12.2017","62.090","65.799","66.302","58.000","-5,35"
"23.12.2017","65.600","61.200","69.594","60.850","7,19"
"22.12.2017","61.200","67.630","70.001","52.350","-9,51"
"21.12.2017","67.630","73.000","76.500","63.700","-7,36"
"20.12.2017","73.000","76.500","77.300","66.700","-4,58"
"19.12.2017","76.500","78.190","78.910","75.009","-2,05"
"18.12.2017","78.100","77.000","79.245","75.450","1,43"
"17.12.2017","77.000","76.200","79.501","72.004","1,05"
"16.12.2017","76.200","70.800","76.500","68.799","7,63"
"15.12.2017","70.800","67.624","78.000","67.610","4,70"
"14.12.2017","67.624","67.550","68.301","67.020","0,11"
"13.12.2017","67.550","69.000","69.155","65.000","-2,10"
"12.12.2017","69.000","68.625","69.150","68.004","0,55"
"11.12.2017","68.625","64.750","69.550","64.700","5,98"
"10.12.2017","64.750","64.700","66.730","60.500","0,08"
"09.12.2017","64.700","67.250","67.750","54.000","-3,79"
"08.12.2017","67.250","69.450","69.901","63.930","-3,44"
"07.12.2017","69.649","53.300","69.700","52.750","30,67"
"06.12.2017","53.300","47.099","53.577","47.020","13,17"
"05.12.2017","47.099","46.990","47.430","46.733","0,23"
"04.12.2017","46.990","46.557","47.700","46.112","0,93"
"03.12.2017","46.557","45.560","48.012","45.280","2,19"
"02.12.2017","45.560","44.950","46.000","44.750","1,36"
"01.12.2017","44.950","42.910","46.499","42.000","4,75"
"30.11.2017","42.910","43.500","47.450","40.470","-1,36"
"29.11.2017","43.500","41.910","49.320","37.510","3,79"
"28.11.2017","41.910","41.299","42.500","41.040","1,48"
"27.11.2017","41.299","38.700","42.000","38.700","6,72"
"26.11.2017","38.700","35.900","39.750","35.702","7,80"
"25.11.2017","35.900","33.448","35.964","33.400","7,33"
"24.11.2017","33.448","33.099","33.740","33.000","1,05"
"23.11.2017","33.099","33.325","33.590","33.099","-0,68"
"22.11.2017","33.325","32.560","33.671","32.399","2,35"
"21.11.2017","32.560","32.000","32.997","30.511","1,75"
"20.11.2017","32.000","30.310","32.394","30.196","5,58"
"19.11.2017","30.310","29.802","30.501","29.671","1,70"
"18.11.2017","29.802","29.460","29.848","29.100","1,16"
"17.11.2017","29.460","29.800","30.300","29.000","-1,14"
"16.11.2017","29.800","28.295","29.992","28.131","5,32"
"15.11.2017","28.295","26.342","28.375","26.199","7,41"
"14.11.2017","26.342","26.260","26.998","26.000","0,31"
"13.11.2017","26.260","24.700","27.455","24.350","6,32"
"12.11.2017","24.700","25.320","26.500","21.900","-2,45"
"11.11.2017","25.320","26.461","27.450","24.800","-4,31"
"10.11.2017","26.461","28.685","29.100","25.501","-7,75"
"09.11.2017","28.685","29.394","29.598","28.400","-2,41"
"08.11.2017","29.394","28.606","30.190","28.606","2,43"
"07.11.2017","28.698","29.002","29.500","28.501","-1,05"
"06.11.2017","29.002","29.860","30.375","27.399","-2,87"
"05.11.2017","29.860","29.410","30.400","29.355","1,53"
"04.11.2017","29.410","29.150","29.630","28.750","0,89"
"03.11.2017","29.150","28.492","29.750","27.949","2,31"
"02.11.2017","28.492","26.500","29.949","26.500","7,52"
"01.11.2017","26.500","24.550","27.500","24.350","7,94"
"31.10.2017","24.550","23.285","24.550","23.110","5,43"
"30.10.2017","23.285","23.065","23.500","22.881","0,95"
"29.10.2017","23.065","22.188","23.400","22.012","3,95"
"28.10.2017","22.188","22.259","22.299","21.950","-0,32"
"27.10.2017","22.259","22.155","22.400","22.070","0,47"
"26.10.2017","22.155","21.497","22.495","21.400","3,06"
"25.10.2017","21.497","20.901","21.600","20.721","2,85"
"24.10.2017","20.901","22.289","22.300","20.901","-6,23"
"23.10.2017","22.289","22.110","22.374","21.800","0,81"
"22.10.2017","22.110","22.490","22.521","21.501","-1,69"
"21.10.2017","22.490","22.290","22.874","21.999","5,10"
"20.10.2017","21.399","20.737","21.500","20.653","3,19"
"19.10.2017","20.737","20.400","20.830","20.300","1,65"
"18.10.2017","20.400","20.779","20.779","19.495","-1,82"
"17.10.2017","20.779","20.898","20.900","20.500","-0,57"
"16.10.2017","20.898","20.703","20.923","20.550","0,94"
"","","","","",""
"","En Yüksek:79.849","En Düşük:17.088","Fark:62.761","Ortalama:42.117","Fark %:205"
